PersonID,FirstName,MiddleName,LastName,Gender
1,Ram,Kumar,Jah,M
2,Raju,,Yadav,M
3,Nithin,,Kumar,M
4,Abhijit,,Pal,M
5,Shashabuddin,,Iqbal,M
6,Ranveer,,Singh,M
7,Priyanka,,Dey,F
8,Rahul,,Jr,M
9,Lakshman,,Kumar,M
10,chiru,,Acharya,M
11,Vinay,Prashant,shyam,M
12,Summit,,Agarwal,M
13,Sachin,Lal,Sinha,M
14,Rajat,,Patidhar,M
15,Asiya,,Sultana,F
16,Ajit,Kumar,Ray,M
17,Roopesh,,chowdary,M
18,Rakesh,,Reddy,M
19,Swetha,,Kapoor,F
20,Swapna,,Das,F
21,Irfan,,Khan,M
22,Sanju,,Samuels,M
23,Joseph,,Bale,M
24,Prakash,,Jha,M
25,Manish,,Banerjee,F
26,Aravind,,Chatterjee,M
27,Vinay,,Prasad,M
28,Anand,,Pawar,M
29,Akito,,Pzeswang,M
30,Amrita,,nair,F
31,Anushkha,,Shetty,F
32,Lalsingh,,Roy,M
33,Pramila,Dube,Roy,F
34,Rana,,Mukherjee,F
35,Krishna,,Mondal,M
36,Rajesh,,Mondal,M
37,Shinjini,,Palit,F
38,Mainak,,Das,M
39,Jhilik,,Bhuiya,F
40,Johor,,Dasgupta,M
41,Emilia,,Jhons,F
42,Asmita,,Sen,F
43,Elon,,Musk,M
44,Bill,,Gates,M
45,Steve,,Jobs,M
46,Jeff,,Bezos,M
47,Rani,,Sengupta,F
48,Shamshad,,Khatun,F
49,Alivia,,De,F
50,Dimple,,Hayati,F
51,Akshay,,Kumar,M
52,Devi,,Modi,F
53,Kundhan,,Choudhary,M
54,Yaseen,,Shaik,M
55,Chandu,,Maddi,M
56,Golu,,Pandit,M
57,Yash,,Singh,M
58,Sreeja,,Ghising,F
59,Alakananda,,Biswas,F
